Id,Predicted
254fbd7f21925ba7732800213af7ed47,0
8a76998072bccebf4c6f78ff7cc7b94e,2
7e81ad62302e6eabe1230d2d9d604881,1
3b343b8c4e2a854735a82bcebe482a14,0
1115d114a4339de8dd9f36d6465c6d57,2
ac5f07039fde0b6a831f08d207f9c26c,2
1ce690a5968d81df0b732a157625c112,0
40b77e31c4eb3d38482d0670f27fd17c,0
a408bd35cb44b141bf67fe60e72561b3,0
a8e773eff750fc08a72de5075c79474f,2
35b5971800492e04d2ecd6b3439b0017,2
055dc74f97a387fd1f12beb64e1cca76,0
69170d42ade5329fe02df566a7447a99,2
1af858c67cfccebbfeade00d3481254c,1
9e0703920062ce903dad42cc471ca2a1,5
c0f9ad8d304ace3f08d367a0f088d2ae,3
376ef68c69c0f8d101868342a2d50b55,5
5f3435341b61628b1e308362c52a9460,2
14b6e5e738edba8fb2a18cb95dc9af6a,5
ca4796a46bde379a1a364d992fa07217,0
2c80f3b5b711c0ff847087a5c154b5a0,0
38915115592f1775fb6506b4dc039250,0
8fb12946881047895dd14ed095a99367,0
d2d214b96cfa479a5cfc795a8760c7c1,1
66a8bfc1d23aace57c50b9aa6bcb60ca,2
0c77493e455bd2380f899c278052fb16,3
31e9a210cfaf76f2df69e8b484cad534,2
321b013478d7d444ba897b75e9f71805,3
2e8e1273e497a95810ed43ca7eaf09c6,2
28e7aad04d25346b6e27220e15ffcc11,0
d1de8d4b1b39a0daeb0038f93931665d,2
6ccff9b19aed0779af75101e6f468dfb,2
d92fc82bea7ec08b5d7bac547848abf3,0
acc79fc48cdb1a2c730a0b2c15b0355d,1
378ab29576ec2f87d61b00aeec5e843a,2
921fad66b248407bf850a7d77cb1a930,0
2edf6cc7696c91d86eb86413fa9c82d7,5
de16d4d453830a7b68b20e591f41bc6c,2
d5f066d179ba659ba25b2a6846619356,2
f35466ac37a4bd2190e6aaf668f0dfbf,0
93788e79ae389079b97441ca122fca06,0
c5e82190f540fb912cc8a96eaf682b58,1
b03acf15d51eac8437639fc77ea84b9f,5
f4fcb9c0c46099e045a0fecf20a7843c,2
0c4c5c0598098cb221d34dc154cca14f,0
3754b01d3ce8fb9f89062dd30929b7f0,2
b4dcc90c5b65b6ef89769de80ad1c2a2,0
06c686f7bd2d084201d635dcbba1baa7,2
60bf955e8135c580681a253469151ed6,2
3916b0e11e209f1afa4cbcadb3f1b9dc,0
c7013ba37688f54052b39d045dc07e2e,1
be636d17226e4adfd7ee577877591cac,3
64954ebb400f1081a5710905ce114a2c,2
3ed6a37e2e5a9a48ebfe9a8f6e2f1a39,5
685903725349cde80b2be656ab872194,0
aaad0b3cad311ccd5d82959e14491fdb,2
b4e0fb2f9fef51df23589ef04c578b83,2
406a9e1224e5795fdaaf3424b8c593f7,2
03426e9293f207de46b5592c001eb45c,2
ea72eb500f523697eee190bcedc8f0dd,2
57ec54de3a7df9a08cbec3834fdf4105,3
0bc1fdd9a51cf38d3dffac3541189c02,1
0e1d010df72414d8873b594afd64a34b,0
2cf4acada2a853e1415674e8e04da605,1
6f75edad6dfc45ab8a79af4e5168a439,2
7586acca9d42458aebf5dec54a544792,0
3659d03cf49bd6a1f648edc1423c711b,0
d82ed201dc437809e5fb20877310bedc,2
9a222ba2f42f77eada172595823be7b7,1
deee4629e174a4be2e42785df5bad4a7,1
7d0638e2cf13708c2047178ab83ba894,0
12942b14ee8cde158e33d537cc3582a9,2
1d46f4df1dfdf3fa0a06b21e9f9ae99a,2
77c54076f96efce539cf3efc58d891ed,2
fcb820c8c3ea34338e648444b90b8307,2
34238501396310a6512eccb0120bd85b,0
473554584a1ab1f83aa3e758b6c6238b,2
2b5c8f68994cec1f26e894850ab51704,0
b019b05800ed1a625e6bccb4a12dc6a6,2
ee607b2abd1f6a721b4765ead3fe7aeb,2
d40af49780ea57bf40bd6248938a832e,0
fa7ece1587e37e28416110063cc5266a,0
fda9a587d6bbfa5ceabe1840b2ae6337,1
7f1d716f6d571e3a9aece85c67774b33,0
0ab626bb7e1eb8c7b1eb6ac3fb129349,0
31a7aefb0e4723400ba7934ff463d663,2
